<metadata xml:lang="es"><Esri><CreaDate>20240712</CreaDate><CreaTime>12522400</CreaTime><ArcGISFormat>1.0</ArcGISFormat><SyncOnce>FALSE</SyncOnce><DataProperties><itemProps><itemName Sync="TRUE">ACCESIBILIDAD_ACERAS_2024</itemName><imsContentType Sync="TRUE">002</imsContentType><itemSize Sync="TRUE">0.000</itemSize><itemLocation><linkage Sync="TRUE">file://\\bigdata\Cartografia\PUBLICACION\OBRAS\ACCESIBILIDAD_ACERAS_2024\SHP\ACCESIBILIDAD_ACERAS_2024.shp</linkage><protocol Sync="TRUE">Local Area Network</protocol></itemLocation></itemProps><coordRef><type Sync="TRUE">Projected</type><geogcsn Sync="TRUE">GCS_ETRS_1989</geogcsn><csUnits Sync="TRUE">Linear Unit: Meter (1.000000)</csUnits><projcsn Sync="TRUE">ETRS_1989_UTM_Zone_30N</projcsn><peXml Sync="TRUE">&lt;ProjectedCoordinateSystem xsi:type='typens:ProjectedCoordinateSystem' xmlns:xsi='http://www.w3.org/2001/XMLSchema-instance' xmlns:xs='http://www.w3.org/2001/XMLSchema' xmlns:typens='http://www.esri.com/schemas/ArcGIS/3.1.0'&gt;&lt;WKT&gt;PROJCS[&amp;quot;ETRS_1989_UTM_Zone_30N&amp;quot;,GEOGCS[&amp;quot;GCS_ETRS_1989&amp;quot;,DATUM[&amp;quot;D_ETRS_1989&amp;quot;,SPHEROID[&amp;quot;GRS_1980&amp;quot;,6378137.0,298.257222101]],PRIMEM[&amp;quot;Greenwich&amp;quot;,0.0],UNIT[&amp;quot;Degree&amp;quot;,0.0174532925199433]],PROJECTION[&amp;quot;Transverse_Mercator&amp;quot;],PARAMETER[&amp;quot;False_Easting&amp;quot;,500000.0],PARAMETER[&amp;quot;False_Northing&amp;quot;,0.0],PARAMETER[&amp;quot;Central_Meridian&amp;quot;,-3.0],PARAMETER[&amp;quot;Scale_Factor&amp;quot;,0.9996],PARAMETER[&amp;quot;Latitude_Of_Origin&amp;quot;,0.0],UNIT[&amp;quot;Meter&amp;quot;,1.0],AUTHORITY[&amp;quot;EPSG&amp;quot;,25830]]&lt;/WKT&gt;&lt;XOrigin&gt;-5120900&lt;/XOrigin&gt;&lt;YOrigin&gt;-9998100&lt;/YOrigin&gt;&lt;XYScale&gt;450445547.3910538&lt;/XYScale&gt;&lt;ZOrigin&gt;-100000&lt;/ZOrigin&gt;&lt;ZScale&gt;10000&lt;/ZScale&gt;&lt;MOrigin&gt;-100000&lt;/MOrigin&gt;&lt;MScale&gt;10000&lt;/MScale&gt;&lt;XYTolerance&gt;0.001&lt;/XYTolerance&gt;&lt;ZTolerance&gt;0.001&lt;/ZTolerance&gt;&lt;MTolerance&gt;0.001&lt;/MTolerance&gt;&lt;HighPrecision&gt;true&lt;/HighPrecision&gt;&lt;WKID&gt;25830&lt;/WKID&gt;&lt;LatestWKID&gt;25830&lt;/LatestWKID&gt;&lt;/ProjectedCoordinateSystem&gt;</peXml></coordRef><lineage><Process ToolSource="c:\program files\arcgis\pro\Resources\ArcToolbox\toolboxes\Conversion Tools.tbx\ExportFeatures" Date="20240731" Time="093450">ExportFeatures "Plan Aceras 2024" C:\ProyectoInventarioPavimentos\PlanAceras24\PlanAceras24_Geoportal.shp # NOT_USE_ALIAS "id "ID" true true false 0 Short 0 0,First,#,Plan Aceras 2024,id,-1,-1;distrito "Distrito" true true false 0 Short 0 0,First,#,Plan Aceras 2024,distrito,-1,-1;idactuacion "IDActuacion" true true false 0 Short 0 0,First,#,Plan Aceras 2024,idactuacion,-1,-1;expproyecto "Exp Proyecto" true true false 30 Text 0 0,First,#,Plan Aceras 2024,expproyecto,0,30;contrata "Contrata" true true false 50 Text 0 0,First,#,Plan Aceras 2024,contrata,0,50;actuacion "Actuación" true true false 255 Text 0 0,First,#,Plan Aceras 2024,actuacion,0,255;expediente "Expediente" true true false 30 Text 0 0,First,#,Plan Aceras 2024,expediente,0,30;proyecto "Proyecto" true true false 255 Text 0 0,First,#,Plan Aceras 2024,proyecto,0,255;calle "Calle" true true false 255 Text 0 0,First,#,Plan Aceras 2024,calle,0,255;tramocalle "Tramo Calle" true true false 255 Text 0 0,First,#,Plan Aceras 2024,tramocalle,0,255;pptoadjudicacion2025 "pptoadjudicacion2025_1" true true false 0 Double 0 0,First,#,Plan Aceras 2024,pptoadjudicacion2025,-1,-1;pptoadjudicaciontotal "Ppto Adjudicacion Total" true true false 0 Double 0 0,First,#,Plan Aceras 2024,pptoadjudicaciontotal,-1,-1;estado "Estado" true true false 0 Short 0 0,First,#,Plan Aceras 2024,estado,-1,-1;entornos "Entornos" true true false 50 Text 0 0,First,#,Plan Aceras 2024,entornos,0,50;supcalzada "Sup. Calzada" true true false 0 Double 0 0,First,#,Plan Aceras 2024,supcalzada,-1,-1;supacera "Sup. Acera" true true false 0 Double 0 0,First,#,Plan Aceras 2024,supacera,-1,-1;supganadapeaton "Sup. Ganada Peatón" true true false 0 Double 0 0,First,#,Plan Aceras 2024,supganadapeaton,-1,-1;pasosnuevos "Pasos Nuevos" true true false 0 Short 0 0,First,#,Plan Aceras 2024,pasosnuevos,-1,-1;pasosrenovados "Pasos Renovados" true true false 0 Short 0 0,First,#,Plan Aceras 2024,pasosrenovados,-1,-1;nrampas "Número Báculos" true true false 0 Short 0 0,First,#,Plan Aceras 2024,nrampas,-1,-1;modifbaculos "Modificacion Báculos" true true false 0 Short 0 0,First,#,Plan Aceras 2024,modifbaculos,-1,-1;plazaparcamiento "Plazas Aparcamiento" true true false 0 Double 0 0,First,#,Plan Aceras 2024,plazaparcamiento,-1,-1;procedencia "Procedencia" true true false 50 Text 0 0,First,#,Plan Aceras 2024,procedencia,0,50;Shape__Area "st_area(shape)" false true true 0 Double 0 0,First,#,Plan Aceras 2024,Shape__Area,-1,-1;Shape__Length "st_perimeter(shape)" false true true 0 Double 0 0,First,#,Plan Aceras 2024,Shape__Length,-1,-1;pptoadjudicacion2024 "pptoadjudicacion2024" true true false 0 Double 0 0,First,#,Plan Aceras 2024,pptoadjudicacion2024,-1,-1;estadoglobal "estadoglobal" true true false 50 Text 0 0,First,#,Plan Aceras 2024,estadoglobal,0,50;expobra "expobra" true true false 30 Text 0 0,First,#,Plan Aceras 2024,expobra,0,30;fechainicio "fechainicio" true true false 8 Date 0 0,First,#,Plan Aceras 2024,fechainicio,-1,-1;fechafin "fechafin" true true false 8 Date 0 0,First,#,Plan Aceras 2024,fechafin,-1,-1;pepgenerico "pepgenerico" true true false 30 Text 0 0,First,#,Plan Aceras 2024,pepgenerico,0,30;pepespecifico "pepespecifico" true true false 30 Text 0 0,First,#,Plan Aceras 2024,pepespecifico,0,30;idunicoobra "idunicoobra" true true false 0 Short 0 0,First,#,Plan Aceras 2024,idunicoobra,-1,-1;dptoproy "dptoproy" true true false 20 Text 0 0,First,#,Plan Aceras 2024,dptoproy,0,20;actuacion1 "actuacion1" true true false 255 Text 0 0,First,#,Plan Aceras 2024,actuacion1,0,255;estadoejecucion "estadoejecucion" true true false 50 Text 0 0,First,#,Plan Aceras 2024,estadoejecucion,0,50;distritotxt "distritotxt" true true false 30 Text 0 0,First,#,Plan Aceras 2024,distritotxt,0,30" #</Process><Process ToolSource="c:\program files\arcgis\pro\Resources\ArcToolbox\toolboxes\Data Management Tools.tbx\DeleteField" Date="20240731" Time="093749">DeleteField PlanAceras24_Geoportal id;idactuacio;expproyect;contrata;actuacion;expediente;proyecto;pptoadjudi;pptoadju_1;entornos;supganadap;nrampas;modifbacul;plazaparca;procedenci;pptoadju_2;estadoglob;expobra;fechainici;fechafin;pepgeneric;pepespecif;dptoproy;actuacion1;estadoejec "Eliminar campos"</Process><Process ToolSource="c:\program files\arcgis\pro\Resources\ArcToolbox\toolboxes\Conversion Tools.tbx\ExportFeatures" Date="20240901" Time="193658">ExportFeatures PlanAceras24_Geoportal S:\PROYECTOS\0224_ACCESIBILIDAD_ACERAS_2024\03_GIS\ACCESIBILIDAD_ACERAS_2024\Aceras_2024.gdb\Plan_aceras_2024 # NOT_USE_ALIAS "distrito "distrito" true true false 5 Long 0 5,First,#,PlanAceras24_Geoportal,distrito,-1,-1;calle "calle" true true false 254 Text 0 0,First,#,PlanAceras24_Geoportal,calle,0,254;tramocalle "tramocalle" true true false 254 Text 0 0,First,#,PlanAceras24_Geoportal,tramocalle,0,254;estado "estado" true true false 5 Long 0 5,First,#,PlanAceras24_Geoportal,estado,-1,-1;supcalzada "supcalzada" true true false 19 Double 0 0,First,#,PlanAceras24_Geoportal,supcalzada,-1,-1;supacera "supacera" true true false 19 Double 0 0,First,#,PlanAceras24_Geoportal,supacera,-1,-1;pasosnuevo "pasosnuevo" true true false 5 Long 0 5,First,#,PlanAceras24_Geoportal,pasosnuevo,-1,-1;pasosrenov "pasosrenov" true true false 5 Long 0 5,First,#,PlanAceras24_Geoportal,pasosrenov,-1,-1;Shape__Are "Shape__Are" true true false 19 Double 0 0,First,#,PlanAceras24_Geoportal,Shape__Are,-1,-1;Shape__Len "Shape__Len" true true false 19 Double 0 0,First,#,PlanAceras24_Geoportal,Shape__Len,-1,-1;idunicoobr "idunicoobr" true true false 5 Long 0 5,First,#,PlanAceras24_Geoportal,idunicoobr,-1,-1;distritotx "distritotx" true true false 30 Text 0 0,First,#,PlanAceras24_Geoportal,distritotx,0,30" #</Process><Process ToolSource="c:\program files\arcgis\pro\Resources\ArcToolbox\toolboxes\Data Management Tools.tbx\UpdateSchema" Date="20240901" Time="195216">UpdateSchema Plan_aceras_2024 "&lt;operationSequence&gt;&lt;workflow&gt;&lt;AssignDefaultToField&gt;&lt;field_name&gt;estado&lt;/field_name&gt;&lt;default_value&gt;1&lt;/default_value&gt;&lt;/AssignDefaultToField&gt;&lt;/workflow&gt;&lt;workflow&gt;&lt;SetSubtypeField&gt;&lt;field_name&gt;estado&lt;/field_name&gt;&lt;/SetSubtypeField&gt;&lt;/workflow&gt;&lt;workflow&gt;&lt;AddSubtype&gt;&lt;subtype_code&gt;1&lt;/subtype_code&gt;&lt;subtype_description&gt;Actuación planificada&lt;/subtype_description&gt;&lt;/AddSubtype&gt;&lt;/workflow&gt;&lt;workflow&gt;&lt;AddSubtype&gt;&lt;subtype_code&gt;2&lt;/subtype_code&gt;&lt;subtype_description&gt;Actuación en ejecución&lt;/subtype_description&gt;&lt;/AddSubtype&gt;&lt;/workflow&gt;&lt;workflow&gt;&lt;AddSubtype&gt;&lt;subtype_code&gt;3&lt;/subtype_code&gt;&lt;subtype_description&gt;Actuación terminada&lt;/subtype_description&gt;&lt;/AddSubtype&gt;&lt;/workflow&gt;&lt;workflow&gt;&lt;SetDefaultSubtype&gt;&lt;subtype_code&gt;1&lt;/subtype_code&gt;&lt;/SetDefaultSubtype&gt;&lt;/workflow&gt;&lt;/operationSequence&gt;"</Process><Process ToolSource="c:\program files\arcgis\pro\Resources\ArcToolbox\toolboxes\Conversion Tools.tbx\ExportFeatures" Date="20240902" Time="132221">ExportFeatures "ACCESIBILIDAD ACERAS 2024" "S:\PROYECTOS\0000 SERVICIOS DE MAPAS\ARCGIS_SERVER_10.8\CONEXIONES\PRODUCCIÓN\OWNER\PRO 10.8 SIG_GEOPORTAL.OBRAS_VIAS_OWNER.sde\OBRAS_VIAS.ACCESIBILIDAD_ACERAS_2024\OBRAS_VIAS.ACERAS_2024" # NOT_USE_ALIAS "distritotx "distritotx" true true false 30 Text 0 0,First,#,ACCESIBILIDAD ACERAS 2024,distritotx,0,30;calle "calle" true true false 254 Text 0 0,First,#,ACCESIBILIDAD ACERAS 2024,calle,0,254;supcalzada "supcalzada" true true false 8 Double 0 0,First,#,ACCESIBILIDAD ACERAS 2024,supcalzada,-1,-1;supacera "supacera" true true false 8 Double 0 0,First,#,ACCESIBILIDAD ACERAS 2024,supacera,-1,-1;pasosnuevo "pasosnuevo" true true false 4 Long 0 0,First,#,ACCESIBILIDAD ACERAS 2024,pasosnuevo,-1,-1;pasosrenov "pasosrenov" true true false 4 Long 0 0,First,#,ACCESIBILIDAD ACERAS 2024,pasosrenov,-1,-1;estado "estado" true true false 4 Long 0 0,First,#,ACCESIBILIDAD ACERAS 2024,estado,-1,-1;Shape_Length "Shape_Length" false true true 8 Double 0 0,First,#,ACCESIBILIDAD ACERAS 2024,Shape_Length,-1,-1;Shape_Area "Shape_Area" false true true 8 Double 0 0,First,#,ACCESIBILIDAD ACERAS 2024,Shape_Area,-1,-1" #</Process><Process ToolSource="c:\program files\arcgis\pro\Resources\ArcToolbox\toolboxes\Conversion Tools.tbx\ExportFeatures" Date="20240905" Time="135148">ExportFeatures "ACCESIBILIDAD ACERAS 2024" S:\PUBLICACION\OBRAS\ACCESIBILIDAD_ACERAS_2024\SHP\ACCESIBILIDAD_ACERAS_2024.shp # NOT_USE_ALIAS "distritotx "distritotx" true true false 30 Text 0 0,First,#,ACCESIBILIDAD ACERAS 2024,distritotx,0,30;calle "calle" true true false 254 Text 0 0,First,#,ACCESIBILIDAD ACERAS 2024,calle,0,254;supcalzada "supcalzada" true true false 8 Double 8 38,First,#,ACCESIBILIDAD ACERAS 2024,supcalzada,-1,-1;supacera "supacera" true true false 8 Double 8 38,First,#,ACCESIBILIDAD ACERAS 2024,supacera,-1,-1;pasosnuevo "pasosnuevo" true true false 4 Long 0 10,First,#,ACCESIBILIDAD ACERAS 2024,pasosnuevo,-1,-1;pasosrenov "pasosrenov" true true false 4 Long 0 10,First,#,ACCESIBILIDAD ACERAS 2024,pasosrenov,-1,-1;estado "estado" true true false 4 Long 0 10,First,#,ACCESIBILIDAD ACERAS 2024,estado,-1,-1" #</Process></lineage></DataProperties><SyncDate>20240905</SyncDate><SyncTime>13514300</SyncTime><ModDate>20240905</ModDate><ModTime>13514300</ModTime></Esri><dataIdInfo><envirDesc Sync="TRUE">Microsoft Windows 10 Version 10.0 (Build 19045) ; Esri ArcGIS 13.1.3.41833</envirDesc><dataLang><languageCode value="spa" Sync="TRUE"/><countryCode value="ESP" Sync="TRUE"/></dataLang><idCitation><resTitle Sync="TRUE">ACCESIBILIDAD_ACERAS_2024</resTitle><presForm><PresFormCd value="005" Sync="TRUE"/></presForm></idCitation><spatRpType><SpatRepTypCd value="001" Sync="TRUE"/></spatRpType></dataIdInfo><mdLang><languageCode value="spa" Sync="TRUE"/><countryCode value="ESP" Sync="TRUE"/></mdLang><mdChar><CharSetCd value="004" Sync="TRUE"/></mdChar><distInfo><distFormat><formatName Sync="TRUE">Shapefile</formatName></distFormat><distTranOps><transSize Sync="TRUE">0.000</transSize></distTranOps></distInfo><mdHrLv><ScopeCd value="005" Sync="TRUE"/></mdHrLv><mdHrLvName Sync="TRUE">dataset</mdHrLvName><refSysInfo><RefSystem><refSysID><identCode code="25830" Sync="TRUE"/><idCodeSpace Sync="TRUE">EPSG</idCodeSpace><idVersion Sync="TRUE">4.3(4.0.0)</idVersion></refSysID></RefSystem></refSysInfo><spatRepInfo><VectSpatRep><geometObjs Name="ACCESIBILIDAD_ACERAS_2024"><geoObjTyp><GeoObjTypCd value="002" Sync="TRUE"></GeoObjTypCd></geoObjTyp><geoObjCnt Sync="TRUE">0</geoObjCnt></geometObjs><topLvl><TopoLevCd value="001" Sync="TRUE"></TopoLevCd></topLvl></VectSpatRep></spatRepInfo><spdoinfo><ptvctinf><esriterm Name="ACCESIBILIDAD_ACERAS_2024"><efeatyp Sync="TRUE">Simple</efeatyp><efeageom code="4" Sync="TRUE"></efeageom><esritopo Sync="TRUE">FALSE</esritopo><efeacnt Sync="TRUE">0</efeacnt><spindex Sync="TRUE">FALSE</spindex><linrefer Sync="TRUE">TRUE</linrefer></esriterm></ptvctinf></spdoinfo><eainfo><detailed Name="ACCESIBILIDAD_ACERAS_2024"><enttyp><enttypl Sync="TRUE">ACCESIBILIDAD_ACERAS_2024</enttypl><enttypt Sync="TRUE">Feature Class</enttypt><enttypc Sync="TRUE">0</enttypc></enttyp><attr><attrlabl Sync="TRUE">Shape</attrlabl><attalias Sync="TRUE">Shape</attalias><attrtype Sync="TRUE">Geometry</attrtype><attwidth Sync="TRUE">0</attwidth><atprecis Sync="TRUE">0</atprecis><attscale Sync="TRUE">0</attscale><attrdef Sync="TRUE">Feature geometry.</attrdef><attrdefs Sync="TRUE">Esri</attrdefs><attrdomv><udom Sync="TRUE">Coordinates defining the features.</udom></attrdomv></attr><attr><attrlabl Sync="TRUE">calle</attrlabl><attalias Sync="TRUE">calle</attalias><attrtype Sync="TRUE">String</attrtype><attwidth Sync="TRUE">254</attwidth><atprecis Sync="TRUE">0</atprecis><attscale Sync="TRUE">0</attscale></attr><attr><attrlabl Sync="TRUE">estado</attrlabl><attalias Sync="TRUE">estado</attalias><attrtype Sync="TRUE">Integer</attrtype><attwidth Sync="TRUE">10</attwidth><atprecis Sync="TRUE">10</atprecis><attscale Sync="TRUE">0</attscale></attr><attr><attrlabl Sync="TRUE">FID</attrlabl><attalias Sync="TRUE">FID</attalias><attrtype Sync="TRUE">OID</attrtype><attwidth Sync="TRUE">4</attwidth><atprecis Sync="TRUE">0</atprecis><attscale Sync="TRUE">0</attscale><attrdef Sync="TRUE">Internal feature number.</attrdef><attrdefs Sync="TRUE">Esri</attrdefs><attrdomv><udom Sync="TRUE">Sequential unique whole numbers that are automatically generated.</udom></attrdomv></attr><attr><attrlabl Sync="TRUE">supcalzada</attrlabl><attalias Sync="TRUE">supcalzada</attalias><attrtype Sync="TRUE">Double</attrtype><attwidth Sync="TRUE">19</attwidth><atprecis Sync="TRUE">18</atprecis><attscale Sync="TRUE">8</attscale></attr><attr><attrlabl Sync="TRUE">supacera</attrlabl><attalias Sync="TRUE">supacera</attalias><attrtype Sync="TRUE">Double</attrtype><attwidth Sync="TRUE">19</attwidth><atprecis Sync="TRUE">18</atprecis><attscale Sync="TRUE">8</attscale></attr><attr><attrlabl Sync="TRUE">pasosnuevo</attrlabl><attalias Sync="TRUE">pasosnuevo</attalias><attrtype Sync="TRUE">Integer</attrtype><attwidth Sync="TRUE">10</attwidth><atprecis Sync="TRUE">10</atprecis><attscale Sync="TRUE">0</attscale></attr><attr><attrlabl Sync="TRUE">pasosrenov</attrlabl><attalias Sync="TRUE">pasosrenov</attalias><attrtype Sync="TRUE">Integer</attrtype><attwidth Sync="TRUE">10</attwidth><atprecis Sync="TRUE">10</atprecis><attscale Sync="TRUE">0</attscale></attr><attr><attrlabl Sync="TRUE">distritotx</attrlabl><attalias Sync="TRUE">distritotx</attalias><attrtype Sync="TRUE">String</attrtype><attwidth Sync="TRUE">30</attwidth><atprecis Sync="TRUE">0</atprecis><attscale Sync="TRUE">0</attscale></attr><subtype><stname Sync="TRUE">Actuación planificada</stname><stcode Sync="TRUE">1</stcode></subtype><subtype><stname Sync="TRUE">Actuación en ejecución</stname><stcode Sync="TRUE">2</stcode></subtype><subtype><stname Sync="TRUE">Actuación terminada</stname><stcode Sync="TRUE">3</stcode></subtype></detailed></eainfo><mdDateSt Sync="TRUE">20240905</mdDateSt></metadata>
